﻿<?xml version="1.0" encoding="utf-8"?>
<doc>
  <assembly>
    <name>~etuumSoft.Reporting.Export.Rtf</name>
  </assembly>
  <members>
    <member name="T:PerpetuumSoft.Reporting.Export.Rtf.Adapters.ReportControlRtfAdapter"><summary>Represent adapter for report control.</summary></member>
    <member name="M:PerpetuumSoft.Reporting.Export.Rtf.Adapters.ReportControlRtfAdapter.#ctor"><summary>Creates a new instance of ReportControlRtfAdapter class.</summary></member>
    <member name="T:PerpetuumSoft.Reporting.Export.Rtf.RtfExportFilterFactory"><summary>Creates RtfExportFilter instances.</summary></member>
    <member name="M:PerpetuumSoft.Reporting.Export.Rtf.RtfExportFilter.FindAdapter(System.Type)"><summary>Returns the RtfAdapter instance corresponding to the given control type.</summary></member>
    <member name="M:PerpetuumSoft.Reporting.Export.Rtf.Adapters.RtfAdapter.CreateRtfString(PerpetuumSoft.Reporting.DOM.ReportControl,PerpetuumSoft.Reporting.Export.Rtf.RtfFile)"><summary>Creates string from content of control.</summary></member>
    <member name="M:PerpetuumSoft.Reporting.Export.Rtf.Adapters.RtfAdapter.Render(PerpetuumSoft.Reporting.DOM.ReportControl,PerpetuumSoft.Reporting.Export.Rtf.RtfFile)"><summary>Renders control into Rich Text format.</summary></member>
    <member name="M:PerpetuumSoft.Reporting.Export.Rtf.Adapters.ReportControlRtfAdapter.CreateRtfString(PerpetuumSoft.Reporting.DOM.ReportControl,PerpetuumSoft.Reporting.Export.Rtf.RtfFile)"><summary>Overrided. See <see cref="M:PerpetuumSoft.Reporting.Export.Rtf.Adapters.RtfAdapter.CreateRtfString(PerpetuumSoft.Reporting.DOM.ReportControl,PerpetuumSoft.Reporting.Export.Rtf.RtfFile)" />.</summary></member>
    <member name="M:PerpetuumSoft.Reporting.Export.Rtf.Adapters.ReportControlRtfAdapter.RtfWriteControl(System.IO.StreamWriter,PerpetuumSoft.Reporting.DOM.ReportControl,PerpetuumSoft.Reporting.Export.Rtf.RtfFile)"><summary>Overrided. See <see cref="M:PerpetuumSoft.Reporting.Export.Rtf.Adapters.RtfAdapter.RtfWriteControl(System.IO.StreamWriter,PerpetuumSoft.Reporting.DOM.ReportControl,PerpetuumSoft.Reporting.Export.Rtf.RtfFile)" />.</summary></member>
    <member name="T:PerpetuumSoft.Reporting.Export.Rtf.Adapters.PictureRtfAdapter"><summary>Represent adapter for the Picture control.</summary></member>
    <member name="M:PerpetuumSoft.Reporting.Export.Rtf.RtfFile.#ctor(System.String,PerpetuumSoft.Reporting.Export.Rtf.RtfExportFilter)"><summary>Creates a new instance of the RtfFile class.</summary></member>
    <member name="M:PerpetuumSoft.Reporting.Export.Rtf.Adapters.BoxRtfAdapter.#ctor"><summary>Creates a new instance of BoxRtfAdapter class.</summary></member>
    <member name="M:PerpetuumSoft.Reporting.Export.Rtf.Adapters.BoxRtfAdapter.RtfWriteControl(System.IO.StreamWriter,PerpetuumSoft.Reporting.DOM.ReportControl,PerpetuumSoft.Reporting.Export.Rtf.RtfFile)"><summary>Overrided. See <see cref="M:PerpetuumSoft.Reporting.Export.Rtf.Adapters.RtfAdapter.RtfWriteControl(System.IO.StreamWriter,PerpetuumSoft.Reporting.DOM.ReportControl,PerpetuumSoft.Reporting.Export.Rtf.RtfFile)" />.</summary></member>
    <member name="M:PerpetuumSoft.Reporting.Export.Rtf.Adapters.PictureRtfAdapter.#ctor"><summary>Creates a new instance of PictureRtfAdapter class.</summary></member>
    <member name="T:PerpetuumSoft.Reporting.Export.Rtf.RtfExportFilter"><summary>Exports Report Sharp-Shooter documents to Rtf format.</summary></member>
    <member name="T:PerpetuumSoft.Reporting.Export.Rtf.Adapters.RtfAdapter"><summary>Incapsulates conversion methods for different types of report controls.</summary></member>
    <member name="M:PerpetuumSoft.Reporting.Export.Rtf.Adapters.BoxRtfAdapter.WriteMargins(System.IO.StreamWriter,PerpetuumSoft.Framework.Drawing.Margins,PerpetuumSoft.Reporting.Export.Rtf.RtfFile)"><summary>Writes margins in the Rich Text format.</summary></member>
    <member name="P:PerpetuumSoft.Reporting.Export.Rtf.RtfExportFilter.Accuracy"><summary>Gets and sets filter accuracy.</summary></member>
    <member name="M:PerpetuumSoft.Reporting.Export.Rtf.Adapters.RtfAdapter.Round(System.Double)"><summary>Converts control unit into Rtf unit.</summary></member>
    <member name="M:PerpetuumSoft.Reporting.Export.Rtf.RtfExportFilter.#ctor(System.ComponentModel.IContainer)"><summary>Creates a new instance of the RtfExportFilter class.</summary></member>
    <member name="M:PerpetuumSoft.Reporting.Export.Rtf.Adapters.BoxRtfAdapter.WriteBorder(System.IO.StreamWriter,PerpetuumSoft.Framework.Drawing.Border,PerpetuumSoft.Reporting.Export.Rtf.RtfFile)"><summary>Writes border in the Rich Text format.</summary></member>
    <member name="M:PerpetuumSoft.Reporting.Export.Rtf.Adapters.PictureRtfAdapter.CreateRtfString(PerpetuumSoft.Reporting.DOM.ReportControl,PerpetuumSoft.Reporting.Export.Rtf.RtfFile)"><summary>Overrided. See <see cref="M:PerpetuumSoft.Reporting.Export.Rtf.Adapters.RtfAdapter.CreateRtfString(PerpetuumSoft.Reporting.DOM.ReportControl,PerpetuumSoft.Reporting.Export.Rtf.RtfFile)" />.</summary></member>
    <member name="M:PerpetuumSoft.Reporting.Export.Rtf.Adapters.RtfAdapter.CreateAlignmentString(System.Drawing.ContentAlignment)"><summary>Returns alignment in the Rich Text format.</summary></member>
    <member name="M:PerpetuumSoft.Reporting.Export.Rtf.Adapters.ReportControlRtfAdapter.Render(PerpetuumSoft.Reporting.DOM.ReportControl,PerpetuumSoft.Reporting.Export.Rtf.RtfFile)"><summary>Overrided. See <see cref="M:PerpetuumSoft.Reporting.Export.Rtf.Adapters.RtfAdapter.Render(PerpetuumSoft.Reporting.DOM.ReportControl,PerpetuumSoft.Reporting.Export.Rtf.RtfFile)" />.</summary></member>
    <member name="M:PerpetuumSoft.Reporting.Export.Rtf.RtfFile.Save(System.String)"><summary>Saves image of Rtf file to specified file.</summary></member>
    <member name="M:PerpetuumSoft.Reporting.Export.Rtf.RtfExportFilter.RegisterAdapter(System.Type,System.Type)"><summary>Registers a new adapter.</summary></member>
    <member name="P:PerpetuumSoft.Reporting.Export.Rtf.RtfFile.Accuracy"><summary>Gets and sets filter accuracy.</summary></member>
    <member name="M:PerpetuumSoft.Reporting.Export.Rtf.RtfExportFilterFactory.GetFilterFormat"><summary>Overrided. See <see cref="M:PerpetuumSoft.Reporting.Export.ExportFilterFactory.GetFilterFormat" />.</summary></member>
    <member name="M:PerpetuumSoft.Reporting.Export.Rtf.Adapters.RtfAdapter.RtfWriteControl(System.IO.StreamWriter,PerpetuumSoft.Reporting.DOM.ReportControl,PerpetuumSoft.Reporting.Export.Rtf.RtfFile)"><summary>Writes control parameters in the Rich Text format.</summary></member>
    <member name="T:PerpetuumSoft.Reporting.Export.Rtf.RtfFile"><summary>Represents an image of Rtf file in buffer.</summary></member>
    <member name="M:PerpetuumSoft.Reporting.Export.Rtf.Adapters.ReportControlRtfAdapter.BeginHyperlink(PerpetuumSoft.Reporting.DOM.ReportControl,PerpetuumSoft.Reporting.Export.Rtf.RtfFile)"><summary>Writes the beginning of hyperlink.</summary></member>
    <member name="M:PerpetuumSoft.Reporting.Export.Rtf.Adapters.TextBoxRtfAdapter.CreateRtfString(PerpetuumSoft.Reporting.DOM.ReportControl,PerpetuumSoft.Reporting.Export.Rtf.RtfFile)"><summary>Overrided. See <see cref="M:PerpetuumSoft.Reporting.Export.Rtf.Adapters.RtfAdapter.CreateRtfString(PerpetuumSoft.Reporting.DOM.ReportControl,PerpetuumSoft.Reporting.Export.Rtf.RtfFile)" />.</summary></member>
    <member name="M:PerpetuumSoft.Reporting.Export.Rtf.Adapters.ReportControlRtfAdapter.EndHyperlink(PerpetuumSoft.Reporting.DOM.ReportControl)"><summary>Writes the end of hyperlink.</summary></member>
    <member name="M:PerpetuumSoft.Reporting.Export.Rtf.RtfExportFilter.ShowDialog"><summary>Overridden. See <see cref="M:PerpetuumSoft.Reporting.Export.ExportFilter.ShowDialog" />.</summary></member>
    <member name="T:PerpetuumSoft.Reporting.Export.Rtf.Adapters.BoxRtfAdapter"><summary>Represent adapter for the box control.</summary></member>
    <member name="M:PerpetuumSoft.Reporting.Export.Rtf.Adapters.TextControlRtfAdapter.RtfWriteControl(System.IO.StreamWriter,PerpetuumSoft.Reporting.DOM.ReportControl,PerpetuumSoft.Reporting.Export.Rtf.RtfFile)"><summary>Overrided. See <see cref="M:PerpetuumSoft.Reporting.Export.Rtf.Adapters.RtfAdapter.RtfWriteControl(System.IO.StreamWriter,PerpetuumSoft.Reporting.DOM.ReportControl,PerpetuumSoft.Reporting.Export.Rtf.RtfFile)" />.</summary></member>
    <member name="P:PerpetuumSoft.Reporting.Export.Rtf.RtfFile.Title"><summary>Gets or sets title of the result Rtf file.</summary></member>
    <member name="M:PerpetuumSoft.Reporting.Export.Rtf.Adapters.RtfAdapter.#ctor"><summary>Creates a new instance of RtfAdapter class.</summary></member>
    <member name="M:PerpetuumSoft.Reporting.Export.Rtf.Adapters.TextBoxRtfAdapter.#ctor"><summary>Creates a new instance of TextBoxRtfAdapter class.</summary></member>
    <member name="M:PerpetuumSoft.Reporting.Export.Rtf.RtfExportFilter.GetFactory"><summary>Overridden. See <see cref="M:PerpetuumSoft.Reporting.Export.ExportFilter.GetFactory" />.</summary></member>
    <member name="M:PerpetuumSoft.Reporting.Export.Rtf.Adapters.RtfAdapter.WriteAlign(System.IO.StreamWriter,System.Drawing.ContentAlignment)"><summary>Writes alignment in the Rich Text format.</summary></member>
    <member name="P:PerpetuumSoft.Reporting.Export.Rtf.RtfFile.PageCollection"><summary>Gets <see cref="T:PerpetuumSoft.Reporting.DOM.PageCollection" /></summary></member>
    <member name="M:PerpetuumSoft.Reporting.Export.Rtf.Adapters.BoxRtfAdapter.Render(PerpetuumSoft.Reporting.DOM.ReportControl,PerpetuumSoft.Reporting.Export.Rtf.RtfFile)"><summary>Overrided. See <see cref="M:PerpetuumSoft.Reporting.Export.Rtf.Adapters.RtfAdapter.Render(PerpetuumSoft.Reporting.DOM.ReportControl,PerpetuumSoft.Reporting.Export.Rtf.RtfFile)" />.</summary></member>
    <member name="M:PerpetuumSoft.Reporting.Export.Rtf.RtfExportFilter.Export(PerpetuumSoft.Reporting.DOM.Document,System.IO.Stream)"><summary>Exports the given document to the specified stream.</summary></member>
    <member name="M:PerpetuumSoft.Reporting.Export.Rtf.RtfExportFilter.ExportDocument(PerpetuumSoft.Reporting.DOM.Document,System.String)"><summary>Exports the given document to the specified file.</summary></member>
    <member name="M:PerpetuumSoft.Reporting.Export.Rtf.RtfExportFilterFactory.#ctor"><summary>Creates a new instance of the RtfExportFilterFactory class.</summary></member>
    <member name="P:PerpetuumSoft.Reporting.Export.Rtf.RtfExportFilterFactory.Factory"><summary>Gets default instance of the RtfExportFilterFactory class.</summary></member>
    <member name="M:PerpetuumSoft.Reporting.Export.Rtf.Adapters.AdvancedTextRtfAdapter.CreateRtfString(PerpetuumSoft.Reporting.DOM.ReportControl,PerpetuumSoft.Reporting.Export.Rtf.RtfFile)"><summary>Overrided. See <see cref="M:PerpetuumSoft.Reporting.Export.Rtf.Adapters.RtfAdapter.CreateRtfString(PerpetuumSoft.Reporting.DOM.ReportControl,PerpetuumSoft.Reporting.Export.Rtf.RtfFile)" />.</summary></member>
    <member name="M:PerpetuumSoft.Reporting.Export.Rtf.Adapters.AdvancedTextRtfAdapter.Render(PerpetuumSoft.Reporting.DOM.ReportControl,PerpetuumSoft.Reporting.Export.Rtf.RtfFile)"><summary>Overrided. See <see cref="M:PerpetuumSoft.Reporting.Export.Rtf.Adapters.RtfAdapter.Render(PerpetuumSoft.Reporting.DOM.ReportControl,PerpetuumSoft.Reporting.Export.Rtf.RtfFile)" />.</summary></member>
    <member name="M:PerpetuumSoft.Reporting.Export.Rtf.Adapters.PictureRtfAdapter.RtfWriteControl(System.IO.StreamWriter,PerpetuumSoft.Reporting.DOM.ReportControl,PerpetuumSoft.Reporting.Export.Rtf.RtfFile)"><summary>Overrided. See <see cref="M:PerpetuumSoft.Reporting.Export.Rtf.Adapters.RtfAdapter.RtfWriteControl(System.IO.StreamWriter,PerpetuumSoft.Reporting.DOM.ReportControl,PerpetuumSoft.Reporting.Export.Rtf.RtfFile)" />.</summary></member>
    <member name="M:PerpetuumSoft.Reporting.Export.Rtf.Adapters.AdvancedTextRtfAdapter.#ctor"><summary>Creates a new instance of AdvancedTextRtfAdapter class.</summary></member>
    <member name="M:PerpetuumSoft.Reporting.Export.Rtf.Adapters.TextBoxRtfAdapter.Render(PerpetuumSoft.Reporting.DOM.ReportControl,PerpetuumSoft.Reporting.Export.Rtf.RtfFile)"><summary>Overrided. See <see cref="M:PerpetuumSoft.Reporting.Export.Rtf.Adapters.RtfAdapter.Render(PerpetuumSoft.Reporting.DOM.ReportControl,PerpetuumSoft.Reporting.Export.Rtf.RtfFile)" />.</summary></member>
    <member name="T:PerpetuumSoft.Reporting.Export.Rtf.Adapters.TextControlRtfAdapter"><summary>Represent adapter for the text control.</summary></member>
    <member name="M:PerpetuumSoft.Reporting.Export.Rtf.RtfExportFilterFactory.GetFilterFileExtension"><summary>Overrided. See <see cref="M:PerpetuumSoft.Reporting.Export.ExportFilterFactory.GetFilterFileExtension" />.</summary></member>
    <member name="M:PerpetuumSoft.Reporting.Export.Rtf.RtfExportFilter.ExportDocument(PerpetuumSoft.Reporting.DOM.Document,System.IO.Stream)"><summary>Exports the given document to the specified stream.</summary></member>
    <member name="M:PerpetuumSoft.Reporting.Export.Rtf.RtfFile.Save(System.IO.Stream)"><summary>Saves image of Rtf file to specified stream.</summary></member>
    <member name="M:PerpetuumSoft.Reporting.Export.Rtf.Adapters.TextControlRtfAdapter.#ctor"><summary>Creates a new instance of TextControlRtfAdapter class.</summary></member>
    <member name="M:PerpetuumSoft.Reporting.Export.Rtf.RtfExportFilterFactory.CreateFilter"><summary>Overrided. See <see cref="M:PerpetuumSoft.Reporting.Export.ExportFilterFactory.CreateFilter" />.</summary></member>
    <member name="M:PerpetuumSoft.Reporting.Export.Rtf.RtfExportFilterFactory.GetFilterName"><summary>Overrided. See <see cref="M:PerpetuumSoft.Reporting.Export.ExportFilterFactory.GetFilterName" />.</summary></member>
    <member name="M:PerpetuumSoft.Reporting.Export.Rtf.RtfExportFilter.#ctor"><summary>Creates a new instance of the RtfExportFilter class.</summary></member>
    <member name="M:PerpetuumSoft.Reporting.Export.Rtf.Adapters.RtfAdapter.ConvertString(System.String)"><summary>Prepares text into Rich Text format.</summary></member>
    <member name="M:PerpetuumSoft.Reporting.Export.Rtf.RtfFile.Render(PerpetuumSoft.Reporting.DOM.PageCollection,PerpetuumSoft.Reporting.Export.Tracing.TableTracer.RenderControlCallback)"><summary>Begins pages rendering into buffer. Callback-method, that define whether controls will be rendered, is used.</summary></member>
    <member name="M:PerpetuumSoft.Reporting.Export.Rtf.RtfFile.Render(PerpetuumSoft.Reporting.DOM.PageCollection)"><summary>Begins pages rendering into buffer.</summary></member>
    <member name="T:PerpetuumSoft.Reporting.Export.Rtf.Adapters.TextBoxRtfAdapter"><summary>Represent adapter for the TextBox control.</summary></member>
    <member name="T:PerpetuumSoft.Reporting.Export.Rtf.Adapters.AdvancedTextRtfAdapter"><summary>Represent adapter for the AdvancedText control.</summary></member>
    <member name="M:PerpetuumSoft.Reporting.Export.Rtf.Adapters.RtfAdapter.RtfSavePicture(PerpetuumSoft.Reporting.DOM.Picture)"><summary>Prepares image into Rich Text format.</summary></member>
    <member name="M:PerpetuumSoft.Reporting.Export.Rtf.RtfFile.#ctor(PerpetuumSoft.Reporting.Export.Rtf.RtfExportFilter)"><summary>Creates a new instance of the RtfFile class.</summary></member>
  </members>
</doc>