﻿<?xml version="1.0" encoding="utf-8"?>
<doc>
  <assembly>
    <name>~etuumSoft.Reporting.Export.Xps</name>
  </assembly>
  <members>
    <member name="T:PerpetuumSoft.Reporting.Export.Xps.Adapters.XpsAdapter"><summary>Represents a base class for all XPS adapters.</summary></member>
    <member name="M:PerpetuumSoft.Reporting.Export.Xps.FillAdapters.SphericalFillAdapter.#ctor(PerpetuumSoft.Reporting.Export.Xps.Options)"><summary>Initializes a new instance of the <see cref="T:PerpetuumSoft.Reporting.Export.Xps.FillAdapters.SphericalFillAdapter" /> class.</summary></member>
    <member name="T:PerpetuumSoft.Reporting.Export.Xps.Adapters.TextBoxXpsAdapter"><summary>Represents an adapter for the TextBox export.</summary></member>
    <member name="T:PerpetuumSoft.Reporting.Export.Xps.FillAdapters.EmptyFillAdapter"><summary>Represents an adapter for the EmptyFill export.</summary></member>
    <member name="M:PerpetuumSoft.Reporting.Export.Xps.FillAdapters.SolidFillAdapter.#ctor(PerpetuumSoft.Reporting.Export.Xps.Options)"><summary>Initializes a new instance of the <see cref="T:PerpetuumSoft.Reporting.Export.Xps.FillAdapters.SolidFillAdapter" /> class.</summary></member>
    <member name="T:PerpetuumSoft.Reporting.Export.Xps.ShapeAdapters.LineAdapter"><summary>Provides an adapter for the Line control.</summary></member>
    <member name="T:PerpetuumSoft.Reporting.Export.Xps.Adapters.BoxXpsAdapter"><summary>Provides methods for the Box element export.</summary></member>
    <member name="T:PerpetuumSoft.Reporting.Export.Xps.FillAdapters.FillAdapter"><summary>Represents methods for fill export.</summary></member>
    <member name="M:PerpetuumSoft.Reporting.Export.Xps.ShapeAdapters.LineAdapter.DrawShape(System.Windows.Controls.Canvas,PerpetuumSoft.Reporting.DOM.Shape,PerpetuumSoft.Reporting.Export.Xps.MediaFill)"><summary>Overridden. See <see cref="M:PerpetuumSoft.Reporting.Export.Xps.ShapeAdapters.ShapeAdapter.DrawShape(System.Windows.Controls.Canvas,PerpetuumSoft.Reporting.DOM.Shape,PerpetuumSoft.Reporting.Export.Xps.MediaFill)" />.</summary></member>
    <member name="T:PerpetuumSoft.Reporting.Export.Xps.FillAdapters.UnknownFillAdapter"><summary>Represents an adapter for the Unknown Fill export.</summary></member>
    <member name="P:PerpetuumSoft.Reporting.Export.Xps.Options.ReplaceFill"><summary>Gets or sets a value that indicates if a picture should be replaced.</summary></member>
    <member name="M:PerpetuumSoft.Reporting.Export.Xps.MediaFill.GetFillAdapter(PerpetuumSoft.Framework.Drawing.Fill)"><summary>Returns a fill adapter.</summary></member>
    <member name="M:PerpetuumSoft.Reporting.Export.Xps.MediaFill.#ctor(PerpetuumSoft.Reporting.Export.Xps.Options)"><summary>Initializes a new instance of the <see cref="T:PerpetuumSoft.Reporting.Export.Xps.MediaFill" /> class.</summary></member>
    <member name="M:PerpetuumSoft.Reporting.Export.Xps.Adapters.ReportControlXpsAdapter.#ctor(PerpetuumSoft.Reporting.Export.Xps.Options)"><summary>Initializes a new instance of the <see cref="T:PerpetuumSoft.Reporting.Export.Xps.Adapters.ReportControlXpsAdapter" /> class.</summary></member>
    <member name="M:PerpetuumSoft.Reporting.Export.Xps.Adapters.ShapeXpsAdapter.#ctor(PerpetuumSoft.Reporting.Export.Xps.Options)"><summary>Initializes a new instance of the <see cref="T:PerpetuumSoft.Reporting.Export.Xps.Adapters.ShapeXpsAdapter" /> class.</summary></member>
    <member name="M:PerpetuumSoft.Reporting.Export.Xps.FillAdapters.MultiGradientFillAdapter.CreateBrush(PerpetuumSoft.Framework.Drawing.Fill,PerpetuumSoft.Framework.Drawing.VectorRectangle)"><summary>Overridden. See <see cref="M:PerpetuumSoft.Reporting.Export.Xps.FillAdapters.FillAdapter.CreateBrush(PerpetuumSoft.Framework.Drawing.Fill,PerpetuumSoft.Framework.Drawing.VectorRectangle)" />.</summary></member>
    <member name="M:PerpetuumSoft.Reporting.Export.Xps.FillAdapters.EmptyFillAdapter.#ctor(PerpetuumSoft.Reporting.Export.Xps.Options)"><summary>Initializes a new instance of the <see cref="T:PerpetuumSoft.Reporting.Export.Xps.FillAdapters.EmptyFillAdapter" /> class.</summary></member>
    <member name="M:PerpetuumSoft.Reporting.Export.Xps.FillAdapters.FillAdapter.CreateBrush(PerpetuumSoft.Framework.Drawing.Fill,PerpetuumSoft.Framework.Drawing.VectorRectangle)"><summary>Creates a brush by a specified fill.</summary></member>
    <member name="M:PerpetuumSoft.Reporting.Export.Xps.XpsExportFilter.GetAdapter(PerpetuumSoft.Reporting.DOM.ReportControl)"><summary>Returns an adapter.</summary></member>
    <member name="M:PerpetuumSoft.Reporting.Export.Xps.Options.#ctor"><summary>Initializes a new instance of the <see cref="T:PerpetuumSoft.Reporting.Export.Xps.Options" /> class.</summary></member>
    <member name="M:PerpetuumSoft.Reporting.Export.Xps.Adapters.BoxXpsAdapter.#ctor(PerpetuumSoft.Reporting.Export.Xps.Options)"><summary>Initializes a new instance of the <see cref="T:PerpetuumSoft.Reporting.Export.Xps.Adapters.BoxXpsAdapter" /> class.</summary></member>
    <member name="M:PerpetuumSoft.Reporting.Export.Xps.Adapters.BoxXpsAdapter.Render(System.Windows.Controls.Canvas,PerpetuumSoft.Reporting.DOM.ReportControl,PerpetuumSoft.Reporting.Export.Xps.MediaFill)"><summary>Overridden. See <see cref="M:PerpetuumSoft.Reporting.Export.Xps.Adapters.XpsAdapter.Render(System.Windows.Controls.Canvas,PerpetuumSoft.Reporting.DOM.ReportControl,PerpetuumSoft.Reporting.Export.Xps.MediaFill)" />.</summary></member>
    <member name="M:PerpetuumSoft.Reporting.Export.Xps.XpsExportFilter.#ctor"><summary>Initializes a new instance of the <see cref="T:PerpetuumSoft.Reporting.Export.Xps.XpsExportFilter" /> class.</summary></member>
    <member name="M:PerpetuumSoft.Reporting.Export.Xps.FillAdapters.UnknownFillAdapter.CreateBrush(PerpetuumSoft.Framework.Drawing.Fill,PerpetuumSoft.Framework.Drawing.VectorRectangle)"><summary>Overridden. See <see cref="M:PerpetuumSoft.Reporting.Export.Xps.FillAdapters.FillAdapter.CreateBrush(PerpetuumSoft.Framework.Drawing.Fill,PerpetuumSoft.Framework.Drawing.VectorRectangle)" />.</summary></member>
    <member name="M:PerpetuumSoft.Reporting.Export.Xps.XpsExportFilter.#ctor(System.ComponentModel.IContainer)"><summary>Initializes a new instance of the <see cref="T:PerpetuumSoft.Reporting.Export.Xps.XpsExportFilter" /> class.</summary></member>
    <member name="M:PerpetuumSoft.Reporting.Export.Xps.XpsExportFilter.FindAdapterType(System.Type)"><summary>Returns an adapter type by a filter type.</summary></member>
    <member name="P:PerpetuumSoft.Reporting.Export.Xps.Options.ImageResolution"><summary>Gets or sets image resolution.</summary></member>
    <member name="M:PerpetuumSoft.Reporting.Export.Xps.XpsExportFilterFactory.GetFilterFormat"><summary>Overridden. See <see cref="M:PerpetuumSoft.Reporting.Export.ExportFilterFactory.GetFilterFormat" />.</summary></member>
    <member name="M:PerpetuumSoft.Reporting.Export.Xps.ShapeAdapters.ShapeAdapter.DrawShape(System.Windows.Controls.Canvas,PerpetuumSoft.Reporting.DOM.Shape,PerpetuumSoft.Reporting.Export.Xps.MediaFill)"><summary>Draws a shape in a XPS document.</summary></member>
    <member name="M:PerpetuumSoft.Reporting.Export.Xps.Adapters.ShapeXpsAdapter.Render(System.Windows.Controls.Canvas,PerpetuumSoft.Reporting.DOM.ReportControl,PerpetuumSoft.Reporting.Export.Xps.MediaFill)"><summary>Overridden. See <see cref="M:PerpetuumSoft.Reporting.Export.Xps.Adapters.XpsAdapter.Render(System.Windows.Controls.Canvas,PerpetuumSoft.Reporting.DOM.ReportControl,PerpetuumSoft.Reporting.Export.Xps.MediaFill)" />.</summary></member>
    <member name="T:PerpetuumSoft.Reporting.Export.Xps.ShapeAdapters.PolygonAdapter"><summary>Represents an adapter for the Polygon export.</summary></member>
    <member name="T:PerpetuumSoft.Reporting.Export.Xps.FillAdapters.LinearGradientFillAdapter"><summary>Represents an adapter for the LinearGradienFill export.</summary></member>
    <member name="T:PerpetuumSoft.Reporting.Export.Xps.FillAdapters.SolidFillAdapter"><summary>Represents an adapter for the SolidFill export.</summary></member>
    <member name="M:PerpetuumSoft.Reporting.Export.Xps.ShapeAdapters.LineAdapter.#ctor(PerpetuumSoft.Reporting.Export.Xps.Options)"><summary>Initializes a new instance of the <see cref="T:PerpetuumSoft.Reporting.Export.Xps.ShapeAdapters.LineAdapter" /> class.</summary></member>
    <member name="P:PerpetuumSoft.Reporting.Export.Xps.XpsExportFilter.DocumentCompressionOption"><summary>Gets or sets <see cref="T:System.IO.Packaging.CompressionOption" /> that represents document settings options.</summary></member>
    <member name="M:PerpetuumSoft.Reporting.Export.Xps.FillAdapters.FillAdapter.#ctor(PerpetuumSoft.Reporting.Export.Xps.Options)"><summary>Initializes a new instance of the <see cref="T:PerpetuumSoft.Reporting.Export.Xps.FillAdapters.FillAdapter" /> class.</summary></member>
    <member name="P:PerpetuumSoft.Reporting.Export.Xps.XpsExportFilter.ImageResolution"><summary>Gets or sets image resolution.</summary></member>
    <member name="M:PerpetuumSoft.Reporting.Export.Xps.FillAdapters.EmptyFillAdapter.CreateBrush(PerpetuumSoft.Framework.Drawing.Fill,PerpetuumSoft.Framework.Drawing.VectorRectangle)"><summary>Overridden. See <see cref="M:PerpetuumSoft.Reporting.Export.Xps.FillAdapters.FillAdapter.CreateBrush(PerpetuumSoft.Framework.Drawing.Fill,PerpetuumSoft.Framework.Drawing.VectorRectangle)" />.</summary></member>
    <member name="M:PerpetuumSoft.Reporting.Export.Xps.XpsExportFilterFactory.GetFilterFileExtension"><summary>Overridden. See <see cref="M:PerpetuumSoft.Reporting.Export.ExportFilterFactory.GetFilterFileExtension" />.</summary></member>
    <member name="T:PerpetuumSoft.Reporting.Export.Xps.ShapeAdapters.EllipseAdapter"><summary>Represents an adapter for the Ellipse export.</summary></member>
    <member name="M:PerpetuumSoft.Reporting.Export.Xps.FillAdapters.SolidFillAdapter.CreateBrush(PerpetuumSoft.Framework.Drawing.Fill,PerpetuumSoft.Framework.Drawing.VectorRectangle)"><summary>Overridden. See <see cref="M:PerpetuumSoft.Reporting.Export.Xps.FillAdapters.FillAdapter.CreateBrush(PerpetuumSoft.Framework.Drawing.Fill,PerpetuumSoft.Framework.Drawing.VectorRectangle)" />.</summary></member>
    <member name="M:PerpetuumSoft.Reporting.Export.Xps.XpsExportFilter.GetAvailableParametersNames"><summary>Overridden. See <see cref="M:PerpetuumSoft.Reporting.Export.ExportFilter.GetAvailableParametersNames" />.</summary></member>
    <member name="P:PerpetuumSoft.Reporting.Export.Xps.FillAdapters.FillAdapter.DocumentOptions"><summary>Gets or sets <see cref="T:PerpetuumSoft.Reporting.Export.Xps.Options" /> that represents export options to XPS format.</summary></member>
    <member name="M:PerpetuumSoft.Reporting.Export.Xps.XpsExportFilter.GetFactory"><summary>Overridden. See <see cref="M:PerpetuumSoft.Reporting.Export.ExportFilter.GetFactory" />.</summary></member>
    <member name="M:PerpetuumSoft.Reporting.Export.Xps.Options.#ctor(System.Int32,System.Boolean,System.IO.Packaging.CompressionOption,System.Boolean)"><summary>Initializes a new instance of the <see cref="T:PerpetuumSoft.Reporting.Export.Xps.Options" /> class.</summary></member>
    <member name="M:PerpetuumSoft.Reporting.Export.Xps.Adapters.XpsAdapter.Render(System.Windows.Controls.Canvas,PerpetuumSoft.Reporting.DOM.ReportControl,PerpetuumSoft.Reporting.Export.Xps.MediaFill)"><summary>Exports a defined control to XPS format.</summary></member>
    <member name="M:PerpetuumSoft.Reporting.Export.Xps.ShapeAdapters.ShapeAdapter.#ctor(PerpetuumSoft.Reporting.Export.Xps.Options)"><summary>Initializes a new instance of the <see cref="T:PerpetuumSoft.Reporting.Export.Xps.ShapeAdapters.ShapeAdapter" /> class.</summary></member>
    <member name="M:PerpetuumSoft.Reporting.Export.Xps.Adapters.AdvancedTextXpsAdapter.#ctor(PerpetuumSoft.Reporting.Export.Xps.Options)"><summary>Initializes a new instance of the <see cref="T:PerpetuumSoft.Reporting.Export.Xps.Adapters.AdvancedTextXpsAdapter" /> class.</summary></member>
    <member name="M:PerpetuumSoft.Reporting.Export.Xps.XpsExportFilter.ExportDocument(PerpetuumSoft.Reporting.DOM.Document,System.String)"><summary>Exports a document.</summary></member>
    <member name="M:PerpetuumSoft.Reporting.Export.Xps.Adapters.ReportControlXpsAdapter.Render(System.Windows.Controls.Canvas,PerpetuumSoft.Reporting.DOM.ReportControl,PerpetuumSoft.Reporting.Export.Xps.MediaFill)"><summary>Overridden. See <see cref="M:PerpetuumSoft.Reporting.Export.Xps.Adapters.XpsAdapter.Render(System.Windows.Controls.Canvas,PerpetuumSoft.Reporting.DOM.ReportControl,PerpetuumSoft.Reporting.Export.Xps.MediaFill)" />.</summary></member>
    <member name="M:PerpetuumSoft.Reporting.Export.Xps.ShapeAdapters.EllipseAdapter.#ctor(PerpetuumSoft.Reporting.Export.Xps.Options)"><summary>Initializes a new instance of the <see cref="T:PerpetuumSoft.Reporting.Export.Xps.ShapeAdapters.EllipseAdapter" /> class.</summary></member>
    <member name="P:PerpetuumSoft.Reporting.Export.Xps.ShapeAdapters.ShapeAdapter.DocumentOptions"><summary>Gets or sets <see cref="T:PerpetuumSoft.Reporting.Export.Xps.Options" /> that represents export options to XPS format.</summary></member>
    <member name="M:PerpetuumSoft.Reporting.Export.Xps.Adapters.AdvancedTextXpsAdapter.RenderContent(System.Windows.Controls.Canvas,PerpetuumSoft.Reporting.DOM.ReportControl,PerpetuumSoft.Reporting.Export.Xps.MediaFill)"><summary>Overridden. See <see cref="M:PerpetuumSoft.Reporting.Export.Xps.Adapters.BoxXpsAdapter.RenderContent(System.Windows.Controls.Canvas,PerpetuumSoft.Reporting.DOM.ReportControl,PerpetuumSoft.Reporting.Export.Xps.MediaFill)" />.</summary></member>
    <member name="M:PerpetuumSoft.Reporting.Export.Xps.Adapters.BoxXpsAdapter.DrawFill(System.Windows.Controls.Canvas,PerpetuumSoft.Reporting.DOM.ReportControl,PerpetuumSoft.Reporting.Export.Xps.MediaFill)"><summary>Draws the fill.</summary></member>
    <member name="T:PerpetuumSoft.Reporting.Export.Xps.ShapeAdapters.RoundRectangleAdapter"><summary>Represents an adapter for the RounRectangle export.</summary></member>
    <member name="M:PerpetuumSoft.Reporting.Export.Xps.Adapters.BoxXpsAdapter.RenderContent(System.Windows.Controls.Canvas,PerpetuumSoft.Reporting.DOM.ReportControl,PerpetuumSoft.Reporting.Export.Xps.MediaFill)"><summary>Exports control content  to XPS document.</summary></member>
    <member name="T:PerpetuumSoft.Reporting.Export.Xps.FillAdapters.MultiGradientFillAdapter"><summary>Represents an adapter for the MultiGradienFill export.</summary></member>
    <member name="P:PerpetuumSoft.Reporting.Export.Xps.XpsExportFilter.ReplaceFill"><summary>Gets or sets a value that indicates if a picture should be replaced.</summary></member>
    <member name="M:PerpetuumSoft.Reporting.Export.Xps.ShapeAdapters.RoundRectangleAdapter.#ctor(PerpetuumSoft.Reporting.Export.Xps.Options)"><summary>Initializes a new instance of the <see cref="T:PerpetuumSoft.Reporting.Export.Xps.ShapeAdapters.RoundRectangleAdapter" /> class.</summary></member>
    <member name="M:PerpetuumSoft.Reporting.Export.Xps.FillAdapters.LinearGradientFillAdapter.CreateBrush(PerpetuumSoft.Framework.Drawing.Fill,PerpetuumSoft.Framework.Drawing.VectorRectangle)"><summary>Overridden. See <see cref="M:PerpetuumSoft.Reporting.Export.Xps.FillAdapters.FillAdapter.CreateBrush(PerpetuumSoft.Framework.Drawing.Fill,PerpetuumSoft.Framework.Drawing.VectorRectangle)" />.</summary></member>
    <member name="M:PerpetuumSoft.Reporting.Export.Xps.FillAdapters.MultiGradientFillAdapter.#ctor(PerpetuumSoft.Reporting.Export.Xps.Options)"><summary>Initializes a new instance of the <see cref="T:PerpetuumSoft.Reporting.Export.Xps.FillAdapters.MultiGradientFillAdapter" /> class.</summary></member>
    <member name="M:PerpetuumSoft.Reporting.Export.Xps.Adapters.XpsAdapter.#ctor(PerpetuumSoft.Reporting.Export.Xps.Options)"><summary>Initializes a new instance of the <see cref="T:PerpetuumSoft.Reporting.Export.Xps.Adapters.XpsAdapter" /> class.</summary></member>
    <member name="T:PerpetuumSoft.Reporting.Export.Xps.MediaFill"><summary>Provides methods to get fill adapters by fill types. </summary></member>
    <member name="P:PerpetuumSoft.Reporting.Export.Xps.MediaFill.DocumentOptions"><summary>Gets or sets <see cref="T:PerpetuumSoft.Reporting.Export.Xps.Options" /> that represents export options to XPS format.</summary></member>
    <member name="M:PerpetuumSoft.Reporting.Export.Xps.ShapeAdapters.PolygonAdapter.DrawShape(System.Windows.Controls.Canvas,PerpetuumSoft.Reporting.DOM.Shape,PerpetuumSoft.Reporting.Export.Xps.MediaFill)"><summary>Overridden. See <see cref="M:PerpetuumSoft.Reporting.Export.Xps.ShapeAdapters.ShapeAdapter.DrawShape(System.Windows.Controls.Canvas,PerpetuumSoft.Reporting.DOM.Shape,PerpetuumSoft.Reporting.Export.Xps.MediaFill)" />.</summary></member>
    <member name="T:PerpetuumSoft.Reporting.Export.Xps.XpsExportFilter"><summary>Represents an export filter to XPS format.</summary></member>
    <member name="M:PerpetuumSoft.Reporting.Export.Xps.XpsExportFilter.Export(PerpetuumSoft.Reporting.DOM.Document,System.IO.Stream)"><summary>Exports a document.</summary></member>
    <member name="P:PerpetuumSoft.Reporting.Export.Xps.Options.DocumentCompressionOption"><summary>Gets or sets <see cref="T:System.IO.Packaging.CompressionOption" />  that represents option of the document settings.</summary></member>
    <member name="M:PerpetuumSoft.Reporting.Export.Xps.XpsExportFilterFactory.CreateFilter"><summary>Overridden. See <see cref="M:PerpetuumSoft.Reporting.Export.ExportFilterFactory.CreateFilter" />.</summary></member>
    <member name="T:PerpetuumSoft.Reporting.Export.Xps.FillAdapters.SphericalFillAdapter"><summary>Represents an adapter for the SphericalFill export.</summary></member>
    <member name="M:PerpetuumSoft.Reporting.Export.Xps.MediaFill.RegisterFillAdapter(System.Type,System.Type)"><summary>Registers a new type of the adapter.</summary></member>
    <member name="M:PerpetuumSoft.Reporting.Export.Xps.MediaFill.FindFillAdapterType(System.Type)"><summary>Returns adapter type by the fill type.</summary></member>
    <member name="M:PerpetuumSoft.Reporting.Export.Xps.Adapters.TextBoxXpsAdapter.RenderContent(System.Windows.Controls.Canvas,PerpetuumSoft.Reporting.DOM.ReportControl,PerpetuumSoft.Reporting.Export.Xps.MediaFill)"><summary>Overridden. See <see cref="M:PerpetuumSoft.Reporting.Export.Xps.Adapters.BoxXpsAdapter.RenderContent(System.Windows.Controls.Canvas,PerpetuumSoft.Reporting.DOM.ReportControl,PerpetuumSoft.Reporting.Export.Xps.MediaFill)" />.</summary></member>
    <member name="M:PerpetuumSoft.Reporting.Export.Xps.FillAdapters.LinearGradientFillAdapter.#ctor(PerpetuumSoft.Reporting.Export.Xps.Options)"><summary>Initializes a new instance of the <see cref="T:PerpetuumSoft.Reporting.Export.Xps.FillAdapters.LinearGradientFillAdapter" /> class.</summary></member>
    <member name="M:PerpetuumSoft.Reporting.Export.Xps.XpsExportFilter.RegisterAdapter(System.Type,System.Type)"><summary>Registers a new adapter type.</summary></member>
    <member name="T:PerpetuumSoft.Reporting.Export.Xps.ShapeAdapters.ShapeAdapter"><summary>Represents an adapter for the Shape control.</summary></member>
    <member name="M:PerpetuumSoft.Reporting.Export.Xps.ShapeAdapters.RoundRectangleAdapter.DrawShape(System.Windows.Controls.Canvas,PerpetuumSoft.Reporting.DOM.Shape,PerpetuumSoft.Reporting.Export.Xps.MediaFill)"><summary>Overridden. See <see cref="M:PerpetuumSoft.Reporting.Export.Xps.ShapeAdapters.ShapeAdapter.DrawShape(System.Windows.Controls.Canvas,PerpetuumSoft.Reporting.DOM.Shape,PerpetuumSoft.Reporting.Export.Xps.MediaFill)" />.</summary></member>
    <member name="M:PerpetuumSoft.Reporting.Export.Xps.XpsExportFilter.ExportDocument(PerpetuumSoft.Reporting.DOM.Document,System.IO.Stream)"><summary>Exports a document.</summary></member>
    <member name="P:PerpetuumSoft.Reporting.Export.Xps.XpsExportFilter.KeepOriginalImageResolution"><summary>Gets or sets a value that indicates if the original size of a picture should be kept.</summary></member>
    <member name="P:PerpetuumSoft.Reporting.Export.Xps.Options.KeepOriginalImageResolution"><summary>Gets or sets a value that indicated if the original size of an image should be kept.</summary></member>
    <member name="M:PerpetuumSoft.Reporting.Export.Xps.FillAdapters.SphericalFillAdapter.CreateBrush(PerpetuumSoft.Framework.Drawing.Fill,PerpetuumSoft.Framework.Drawing.VectorRectangle)"><summary>Overridden. See <see cref="M:PerpetuumSoft.Reporting.Export.Xps.FillAdapters.FillAdapter.CreateBrush(PerpetuumSoft.Framework.Drawing.Fill,PerpetuumSoft.Framework.Drawing.VectorRectangle)" />.</summary></member>
    <member name="M:PerpetuumSoft.Reporting.Export.Xps.ShapeAdapters.EllipseAdapter.DrawShape(System.Windows.Controls.Canvas,PerpetuumSoft.Reporting.DOM.Shape,PerpetuumSoft.Reporting.Export.Xps.MediaFill)"><summary>Overridden. See <see cref="M:PerpetuumSoft.Reporting.Export.Xps.ShapeAdapters.ShapeAdapter.DrawShape(System.Windows.Controls.Canvas,PerpetuumSoft.Reporting.DOM.Shape,PerpetuumSoft.Reporting.Export.Xps.MediaFill)" />.</summary></member>
    <member name="T:PerpetuumSoft.Reporting.Export.Xps.Adapters.ReportControlXpsAdapter"><summary>Represents an adapter for the ReportControl export.</summary></member>
    <member name="M:PerpetuumSoft.Reporting.Export.Xps.ShapeAdapters.PolygonAdapter.#ctor(PerpetuumSoft.Reporting.Export.Xps.Options)"><summary>Initializes a new instance of the <see cref="T:PerpetuumSoft.Reporting.Export.Xps.ShapeAdapters.PolygonAdapter" /> class.</summary></member>
    <member name="M:PerpetuumSoft.Reporting.Export.Xps.Adapters.TextBoxXpsAdapter.#ctor(PerpetuumSoft.Reporting.Export.Xps.Options)"><summary>Initializes a new instance of the <see cref="T:PerpetuumSoft.Reporting.Export.Xps.Adapters.TextBoxXpsAdapter" /> class.</summary></member>
    <member name="P:PerpetuumSoft.Reporting.Export.Xps.Adapters.XpsAdapter.DocumentOptions"><summary>Gets or sets <see cref="T:PerpetuumSoft.Reporting.Export.Xps.Options" /> that represents export options to XPS format.</summary></member>
    <member name="T:PerpetuumSoft.Reporting.Export.Xps.Adapters.AdvancedTextXpsAdapter"><summary>Represents an adapter for the AdvancedText export.</summary></member>
    <member name="T:PerpetuumSoft.Reporting.Export.Xps.XpsExportFilterFactory"><summary>Represents a Factory for the XPS export filter creation.</summary></member>
    <member name="T:PerpetuumSoft.Reporting.Export.Xps.Options"><summary>Represents export options to XPS format. </summary></member>
    <member name="M:PerpetuumSoft.Reporting.Export.Xps.XpsExportFilter.ShowDialog"><summary>Overridden. See <see cref="M:PerpetuumSoft.Reporting.Export.ExportFilter.ShowDialog" />.</summary></member>
    <member name="P:PerpetuumSoft.Reporting.Export.Xps.XpsExportFilterFactory.Factory"><summary>Gets <see cref="T:PerpetuumSoft.Reporting.Export.Xps.XpsExportFilterFactory" /> that represents a Factory for the XPS export filter creation.</summary></member>
    <member name="M:PerpetuumSoft.Reporting.Export.Xps.FillAdapters.UnknownFillAdapter.#ctor(PerpetuumSoft.Reporting.Export.Xps.Options)"><summary>Initializes a new instance of the <see cref="T:PerpetuumSoft.Reporting.Export.Xps.FillAdapters.UnknownFillAdapter" /> class.</summary></member>
    <member name="T:PerpetuumSoft.Reporting.Export.Xps.Adapters.ShapeXpsAdapter"><summary>Represents an adapter for the ShapeXps export.</summary></member>
  </members>
</doc>